<BackupInst xmlns="http://www.microsoft.com/GroupPolicy/GPOOperations/Manifest"><GPOGuid><![CDATA[{31B2F340-016D-11D2-945F-00C04FB984F9}]]></GPOGuid><GPODomain><![CDATA[ccdclab.net]]></GPODomain><GPODomainGuid><![CDATA[{c4da84ca-4d72-49dc-a059-2612ad3018a2}]]></GPODomainGuid><GPODomainController><![CDATA[WIN-OJOM46U5M9N.ccdclab.net]]></GPODomainController><BackupTime><![CDATA[2024-03-02T00:24:25]]></BackupTime><ID><![CDATA[{611D5C33-22F8-4466-A062-BBA17CD709C0}]]></ID><Comment><![CDATA[GPO]]></Comment><GPODisplayName><![CDATA[Default Domain Policy]]></GPODisplayName></BackupInst>
