<BackupInst xmlns="http://www.microsoft.com/GroupPolicy/GPOOperations/Manifest"><GPOGuid><![CDATA[{FEA2FA40-E92F-41C5-AA3B-05B970D66F97}]]></GPOGuid><GPODomain><![CDATA[security.local]]></GPODomain><GPODomainGuid><![CDATA[{2b127034-e676-4f54-b03a-e700e3004cb0}]]></GPODomainGuid><GPODomainController><![CDATA[GPOSrv2016.security.local]]></GPODomainController><BackupTime><![CDATA[2025-01-14T17:40:32]]></BackupTime><ID><![CDATA[{11CEE829-941A-4704-B7DC-2880B3D3710E}]]></ID><Comment><![CDATA[]]></Comment><GPODisplayName><![CDATA[DoD Windows 10 STIG User v3r3]]></GPODisplayName></BackupInst>
